sequence1,sequence2
ENFYHCTRENERQTNYEIPLFCVCEPWLTSWPACCPWDLGFCPHTRVWDVWLNTCACETHQLYMWQLPYYNWKEWISKPAHSEKHYWSPQHNHPAHSYSFWFGSTPVHNRHDISCTRVEYFPFWIEKARQVYWETTDDWFVSRMHMFKSCTFSYVFPAVTNWSQVFENHVKPCSPDRDQTLDLRRQGFTYDMIDVIDYLVPNVPNYTAPEQDWDWRPAGWVTITGFMIHFREQWWHMNDHPAQYECQRRLTQLWHGMKSAFHIDWSFMCTMHEMDSEYIYAWSMRVGAELTVEHFHLSASNNTKCMFMTNMHE,KKDLNELFDHPMRQAGCCYGETRAWREEWQASNCHMLCDYCHDGTSDPRPGIGSKWRWRHACEMSSLLQAPEDMNNLYGFTKKEG
IHCIRFKRRIDWNDNYAPEPEGMPNHPEVGDCNAEQIFLQYVHHFWDEWEPQQYNDAYAFQETRTQFGTTWAVTMTGMVMKGGWPIRGQKPFEWEFHGLMDADYMKIARCAAYYYGMKNFKKFYAVEQFHQSAMNRPYHSNGTYYFQAMNISMFHPHRQGTIPVLFWVQMLFPSKFGSPASFHIVMNDIYTPEQDMGIMIYMCLSTEISQLNARVDEYICFGLFLQLSCEGRSKIDNR,FQTNGTQQICAIDTMMMMFAHEKKTNAERSMGVYTLVAWPTLGEFYRRTAWWIIPYICVLKATGAWAEEFRSWHTQHWSSPLRHRIIVDTNEPHFTVSPHRLLEQQSNNERMEVQWLFREKKQFQRYASEGMKGDHKYGTSINRIICRNWKDVYHAPCDQIDVWDHPFPDTDNKIRMQKAYDKSVDHHKDCQARFIKFHHKQHTHCWMLKTKHVDSNCWKTSPT
IYMIDIAFIIGGGVINDRPYGKMMWTCFACANVLHNDPWEKCTLFGAHCTKKFCVYRLCHYGANAFLWSAVWCFMWMAQEYNNCFNHGESKVKQVIITGDKRIISWLGKLEGFMKWHNKLLYLNWVPDDYVNLWNHDFWCCPLNDWFIRESKAFPHFHGGLWKSWKQREDCYQMSMKLWSQKWMMRYTWSCGTNYAMRYFEYMEIWCRRPREGTLAFNHNTDPCPETQLFPGLVAFLENNYGPDFELEVQCWMRLGHHNDYDIMCPEMMWLCFDWFRQDGTFCDQFESHDVARTAVRKSPMQLCGNEQYWEYMRGWQ,VYMCNARVIRRVKDKDREYAMMCKNCYRTTEVKQYQKEIQSTCIFCIHLFQMAMYSVMTFLDRLLSKGED
TDMFFQHWMEPPAPRRGSIYMKYEKTPCNALEAWGFHIWNVPDFIQKWTHLTSSHTDGYHNCLRAEWKDDYLHNVHMSWFGQADTHVPAEGIQQPHHWHISTYLAEHRPASNVKPARATDACVNCIMHGDWSMNGVMKRWLVFMCRIFGQLLIYTAITMWHNS,AKQRGWLHHYAPVVQRSYFHQNYRMDLGHYRTKVDYCLHKLNKKKQFWHYADHIGSMKPGYNMSALPSGLYDEPFCKDLNFFRCRIQPCYLLCEMTEPRPWTPIETDTHCFHCKMVNPALGNHGIQHFAVFGQHINYKSISSWMRFLRHKKRKLNPWQMSCMPKPVSLWAINHQSLENPPHPYYEDAHVCHL
AAPPDMQGEMVDLEIGILGCISHNYNENVHPFYAWRKHTEVYGYCHQNNVAGHRADKHYVEIKEVPISLPGRPTGVWTYRPWFPLKTQLFCKMFTCDTGKEGMPCWWRKFLFQIGKSMWNYFFSYYETDECYCYDHADYLQWDMGPMQMMFAMSRTYFMGPKNHNSMQVSESAIHWIHPSRWL,MIRQITYMSDPHESFDPSAIGYLSSNWQGTPWGCAYLREYITACFCWHSAHIICGWMMLRKNDEFN
HYFCWLEEGQTALAQNCYEHKCESWGAMWWRKAWNVLDNLCSFGAQHQAGNVESGEKLSQASCVWERRCLYCDGQKLAIDTVFDTQQNPSAHHEAYWSLECYIIKWNNMPLGDCKNHFGGQYRFFVGMCRCSPMDGNSIIPRAYNIWHMKNYHHEYRWNMHRTHVTQKNGTHINVWLRIKHNLCGAYQWYPCVCTIETRWKPSCAHNMAVNWWWSYRIRFVANRAGISDAE,DLRASDRWLLNGNDWTPFAIGLCLQVKMKFHMVQIVGAYLNENIIEPCMEPFHKTWMKEYQNDIEVNYIWPCEADNTQGNEHQRGEAKSDVIQLYHAKYLLFYCTYWYHVIEIFETLGSQPDHLHVDYYDSALHIPGQEGHFMALCGFFNQDILRYRLHDSQGSLYSQYVFKPFCQLNCFFKPVLGCGSIQEKCVPTVTNWCFNGWTPRQIESMAGLRLGPTPMRLKGRWQPPSQCHNFIYAYGAFNIVVCAHFGNIQYTQITMKTGFFFPCGPTAIDYGEQMKTKPAPVTNQSMIV
MGGVGFSWFGPHYSKMDQNLTSGPNHLQSGDAKSRIFYILCGWCAGDIITDFFAKWFEYNADLDADRSHKIRPILLLNNIYCGMKAVKKLRLDRDIYEQPQILNQIAVVEFTGKGGIKYSNHSPNNGGPGTDYRLAPETKRRQIEQTSKGVVGAHLWYCHSLDEPRRFDRLYQTANYLEWWYRRATFTFMGMDFWWIRFPDHNNEKHQYFAKRFVEFQREQTWYQYPVWVGYMWGIWWHWKGNPARESMFRGVAETRQANFIILVTHWRTGYMSCWPTPASFLWVLSVDWGENAGWWKFLVWK,YRDCISAHKYGHEPWHSFNNDYWMWGQYIHSDNNKLTLNGTVMWKFMMHGIR
TQRILDCYDDWEHMWWPMTTYQDERTKKIPMMGMCTTNHKDSLDGRAEMQWGMLGYAQTVFKQWIITTALWCYIVQYYWHYSQPNINGYKFTHRDPAEDDRQGYNPIKKSDFTWGWDPHLKKYTDWNQQPPDAAPISLHLASNQFTVPTDRPRTHGIPWMGFMSSYTQSWFFASDFEITDVSAEKELMWRNIIDDAARCFDWSWGVSDGFIFQCQKTNVNVRWGMYLPGWLNSEMHMNFGNKRQIGNVCCPGEIRASDEDMGWKKQLMFANFFAYAKEHECAS,NIALSRPEILDYPYCCDFRGQSMASEWESQRVRPKQYDLHRFDCLFAQRTPLEPIIWMCECDVEEKESVCVDWRLLELPAGHHYYH
LQIGFTFHRNWENFNKLDDEETNLSHGFQNVVAQFHCGTKLRCFDRGPMPFFCLNNTGHLTYLCQCCQCQPWYVAWCSMVSLYVFIFGQPDKCANSMFMMRKEVNGGWITYAIWNGWDKLLKQLDNPHVVRCSHVQHAICTNATRLNGGDWAVWKKNFGTLVVDFGIMEGTGEFMFQVLSTMLRPMGVPAQGMWKDSGAYLIKTLHIVMAWGVTISPMGETRSKNPQYQFVAQMRLMMRVCQEICYECPVDCTEFPVAMKIQTSVVAGDALMNWIITQMVNPGEYNLQFFACIHISCKFNRTPQGNLTVDKAVFFGEMKMLNMGTESIYEGPTAIC,KCDHLHHMTPFLVETYWPPQGTYKWDDYAEDNHVSWCNVRLRWRIFLRCNPLMCEAYIVIGMVWTCIKAFVDDTGGHMQIWTGIYENYAFNCPEFKEKCVMMIVLPPVGGDQYMSNVSEDIMGRIDCPGWTCINHWTEGRNALLQMKYSIYWADFAAGWSPNERWIEPGMMSWPQIKDARAEVHPRYFTMLYRQVVAYHMWTAKQIRNVKGKRPD
WIEFPQKDWWYEVQHRGNKKWMPKTMWNLMPFRKSQTHMACTPYLAEGPHECTMTPWPANLTDHQHNAWQRDMSPSHCHWHNHIDSQYRCAANRAPMCHDQWCTCTIEWGDISIQHRKYAWWFGNQAQDYARFQYGQNGITNMIKGCTGVLYIWTIRRNHPKQMRGHCNPHEQQMDVDIAERKIITTRSTWAYNWALQPWQMTQTVPPCKILAIHQIFVNAVRCSSAQNTSPHHVGERLWCNEWIWHNEVETEYLHVHHKEFHVLQQNMNGHADICPRILQRVPSSNAHSSTGTHENNQTYWCFEFHWGEPTTLCGQRHST,MLTEPFPDGDSSRVPHDSNGYESHPSQGYAQWHCTDARNFRFWKLMHIMNVDSQHINFRNEDGKHADPTMYFFSSLHNYNCSWFSWCNVMFDVWWIPWDTKHHARYWLSYAMIWQQQHHLSCYKVQFCGCKVTQRQGQSVFMDGEIPDWLPCGLIGVYAERYSIWCTAFIYYCMLCNWRFYTLNYEWVNCYTSPYIMLQVDSSIVHFLGQFWPSERNAYRSEFPY
VTKGAREYDDFIHNHSTPQGWIMVSTGTVDHWRSMMFLNYSFVFKPKGYEKKARVFQPVTENVWSLYGLTVMRMGKTQDYYNFGNIPRGNWSHLQ,IRSALPMMYNHNEGLCFFWMHWDYRIWYKMCNMRVQWAFDMMTTCTQTAASKVVDSNANMLSQFYSFMGLNVSICASHRGYDSNDDHHELSNKYPWLSECATHHCHESIIRYQVRMENCAYERLTTHDFPFRVDTCTPIPICRGDIYRLNICHQALRIFTCSEEDAQRSYMCEYRIVYMWSWPNIWHMRDMTTVCVIATNS
YWLMPEPEEEHWRVVVFGCDRPKPIIWEGHFSDEISQEEAGVMRYEAYLRKKPTLCANYCIGFNGSQLERPDFEPLEPFTNPGNIWVLETYPYH,WFHYSRNLAYHEPKWENYPHWTHMNSCYRCIFSVPSRTEDCLKFRARSAFSHCWCLKITFWEQDCFWKLAGPDEIDPVGYDRRQSGVETYRQCAWDFRHMILHKDISGFRFSPWPSQWHKKLAYTHHLKWCKWVMTMESRRQRVEYKIWSFCDIPHVTRIFRNIMMDLIPGYNMRTIANYWWLVWKVQGVEVFTLLSNVYEFPTPHGSWPQEMDNYQAPQIGSKMSEELVWIAKPTTNAYNSYGPQQP
TEGGYCGCTAERVVVWGLVFHAQNYLAMFDCEWKTAAVVQLHALGMPVWVDWVWTSTLTKVNELNRDVNCFNYEHPHVPFRLICPMTSHWPFGYFTSEVVGKHMIECANWKYVYCKHLDKDWDIFWPYVLINKELWICTQEGI,IQIEYNRCDKWPVQMCAARQVFQAGLTHLQPYCTQQYMVITASDWEGYTTIYSFRVKNCRVRKYCWSHLELELDNNIQTFV
MFMMPTINHYITWCCYLDFVFTHCMHALKKWFSLPWIIIQWLAICFERNRYCLITKRIYANPDHEWLLFGDTTPGATVIHDRYTHKLILNMYSDTYKQRPMNNCHKSADIWWEQNKEKVMWGYGKHSA,VCWWSTAQECRQRLQNFDVVTGCIDTKVIEEMYENSPCPVQHTMPGKYWLLDYDANVRKRQLGAKRDGWQLRAVRWDHWGEGSYFVGSKMMGLQHEDCAGCVHHVWQICVPWINRQHMIKLKHELRRHPKQWTLKGRGMKHLCTNWENNFWTRKQVCDNVDHEKPGMGYDKMSWSSQNGRQMPRMDAAHLVRLIDDVQWDCVNKQEWYTVSCSDMLTTMKIAKYQDGLKQQCGIAGKYEDMVGRQAVHHEHNMFYTNSLFTYHAHLHDFCMETYCNHWNHHDVPQNFSWAFQMCIMW
PGMFFKGCQEEYKGMAGREVDRREDKIKAPFLWHWQPYNSPAEGHARFDGIGNRPFQLQYT,KQKMVKYPFRVFWWMTYKKSGEEHAMCYRNKAGYMEHQGGAEMECEISMNVGTGRWIWVIVSCYRDNLMEYRMFVVWMKKVYKRDHNRDSFGLFIWHKIVSKDVLYFFTNCVVPNAETQMEHYAPIVYVRRGGERTGGTNVRTMGRTMGAGLKEMIFECITWPISMKV
TINNGYDGVTHENGDCHESGSCTNGHCEGICWGQCPLCQWKQCGISGLLHRMHERMEREWGHIYWRYPIVRLKNGWTDNIYYSTCLDMLKETSARMVIPWCQACCIE,RCWYVNLWWNQCCAKLRLYRTAMMSGLMFKQVLCDDLFSCTFNQWLVDWFKEFKDTGNGGIESLMPHHYTIMSEDVCNKDILAIKEHMQCCYPGDKHQYHEPHIGHCRYIPDYCSMHPMWEWPNDRKTTALDTYASTDDSCHPIMLDFNWFGFCINEGCPHIIVWFFAFSMPRGMTVQLSVFHVLQRNCYVMTEQYREDVGRLPKTLYPMRNQTHKDRNKPDEPRLFNHDDWEGVIAKHCVMKKNTSFTTIRYICMPRITWQRISHRACRGCCTPRECFTVTQHGKEQFMIVVMRPIGWGNEKEIRYAGHQNFL
HDNHTFFIKTSFPKCGKMECDPLAWAIVAKSHQIAWDWVDYQLITGHCLQIG,MGESNTKWMYKMNVVMMQQKTWIIGAMYLWFNMWCELIMPNEEFSYRAMCHVVKINKAVCQRQQHTPSWPMSCNLQDSGLEFRCRYDWAGTMFDYPQVMYSIKPLSLNHNYDPIMQFQYLLRKGCSSIYREQD
GMFGIWFIILSPQRDEEYGVLIEWYSPYGAARPGGSLRNREYQCGQYLMGPEALPHKQDWSNWILYNPWRASINRFWDILMYFIFTTEGCAINGMEHQMMCPETNMVPKNFWYNNESEACRANAGDARQFKRDQVDERYVLHMYHYNWQEATFTPKNDKMFKYYSKQIRMNDDSDTELHGEFRKDDEQIMNNQFHFMMCHAGQRARFWLTWMVPMAGYVPYMKDDVEFRETVWTPDLDGPFIKNMVACVRKLWCPICHEEMTDERCFYEDHIACQPARKPVMFGRNSTVYCQWDHNTRPLPVILSAYTHMRHRCRLRMFKVV,PFHLETGNKDGRNTGEFAGEWAQHAFARADDRKYPDQCKKNRHEASNQGHNKEWQVAANHVMLIDLQKCCDADTFQVLHLWSNDTTLSEARHQTFFYPVYSHYINLAMDKFPYRPKECVCTPLMVEAESIHKGQNHLGTFRRCYSDDCFYVMQKKWKIFQQLQGYEIVNETESK
CQHECWSHEYKLETVHNAYCDSQMEYEHFLWISVAFWWMDMQTAPRGVQPYIYVNDYAAHNSWVSRGMHQLCCLIHCIIKRQYWDTHAGEEWAAFEADVRLMVMDACHKSLKTYRRIYHECHFWWIVWKFVPCWHSCARDTAYCVIYWEFGNFASKAVDKRHMLAIGGTVHYHTSMHYCPYAFIHDPPKDSELQRMWRVNENCPSVFAFASASESWVYPVLMNTEDKIWHHN,NLLSAVTVLPASDEIWAWTLCEIPQQKRHHNRQRTKACACIVHIVGIPWCRVGWANKNWMQQCVLFDRKIDPEVMYVEETCCYQEYKSKREYTIVMYYWDKFADSFCVGYVCIPTRQFGFQIKWHSLMVTWQEVRFAQQNLFIPLMWIQPSWTNYCKYNQPSHMGQNSLHCDTEYEQMKCQFNYIIYCVCPCINAYWMTRKLICHRLARTDR
YFSGRFIDILVFCQDLQTDEGHASMTGNQTMTHGILNTADYIRNIRPHANRAQTAEFCIKDPLRRLEYDNGTIKSSMCPMLMNESKHYWSIATVSGLGLETAASLYPCVFENNIVFMSFKTYQMTDNEWYYPMGSHFAPILVGFDDYEADDVLLHHQPIRRYDYIDAYCLHEWCNCWFQRFQRIMIWIAVTYRCDEGGCRFMAAIHTCDHHEAAHMVMPSHQSFVRCRDKMAW,TYCMKFFGQFGWPNSFRDKKEDGITYCVITYQPRFQAPMGFVDYEIDGGTIFDFYIDVWGDKHWTCYESFHMIEVFPWAQDGMECVCPKHMGHFMMREDPRWNMIQPWEPLSGASTTNSQRWWSYSLDGCAAPWANLYCAGSAM
MHWYPECFFKEYREDNHYEHSEKNFIKAQQKIVLIFHFNEEVMADHTWYNGCPSIETDTPPIYQYILVFIQSTGQVLPTSIQLPDRLFSMWTWARCLMGTTHMAGCKELCEDYKPNQSEYLDSKIIKGYVPNPLHPAMRNEAPGDLVNKNWYTSSQGWRTKEFDFYMWVFCRQRSSNHQIELQQGETKWCEQGACHVNHVHQIIMCHVIDQTEQHCMRKPALYNSYNMGRELVGIGRNIQVWNKFYAR,YYWKWHYTDFEYKCLVGGDWHIYACDREAQEEAQTRIGLEGRCICIWDRWVEVWNMHTVLINHFHAPKKVVAPRIVIMVYNMHKFQNAWYWVVETQQDANSPDNWIFLYD
ETKIVHHVNKTFGTHAQEGYESLQGCGATRGCVQLSIDVRVPMHNPAIKKIWAETVPIANVDEWSKDCSPFGASFTQWERMWMATGNYRYGMKKWLKVEMDWEPCIVNSMVLTLMCSHQEQDLIPIRPFWWFSPQEKRNLVFMFHREMGCNHYGDYPECVNTIKCCAIEVMEAWRFAAIAKDERQCDGHDAMGGIAPWEVAWEETHSYFSMVDLSAGRWGSVPDGETSNCLRYHTYNLIEQKIEQEMILTDGIATSPLRNALTTQDIAEPEN,RLQQAYSYCFLTVRGHREAYFSNCLRYFHHCADQSGLKLTAEWPDTPRLKIIKKKYADYPTYMNVESWQEHYFYRRIYTVADLMYKIKTLYRYVQYWTTPLPPRNVEYLKTEFDNVEYPEKCPIMIHRRCCVDQAWGYMFMVDPDWNQGMEVVMHNLRPPEGPWERHIHRC
VRGKETSALNGNRSELGTMQNQYCFDMMKVLHPWILLHKLRNVCWYFLYKSADPNGRNFGWALT,HWANSMLHEGEQFMNYSQAPQMCVHYNQYLHQGHSNNNSRQKVCQWEKWSWWVDHYKYVSNHMYCMAYDNVMKLSWIPSFMDMQKMETCHYTVHKVNKIPWHLYCYEEHRRHKTHEIVAILQAKEYCPPPIMYAKWFMELCTCFQNLMFCTIQISIWAQKTYAENAFSDWYPWKKVHEH
GSLEEMSHDHFQKHCHMYCSWFMYCRYQNHETADLFVGDFSGQDRCDPNSRGAYEYHFLSVDFNLRFLILFSKTTDWWFMVY,TAQINAEEKYIDIGRKKVTDDKAGGVNKDEPQMLGVTGAMKNCEQWCVFAKDMHEMNVNMKKTGSLFLPQHANLNEVEACMGEAYQINTIHMDWAFVYQECNAEESHDGSCLLAWFPPAHAVHIEFMCHLIVMSMCPFPMAHSIVITGGFECEDPEFQVMRAPFKFGQDGVIYMHFNHVFVPTRAPSYPHIQCAKPPKRVGMPCDMIVTPRRTTATAYHNRAKQKMKRYAVNYPSWDEQKTIENSEGMVGNCQAGFDRKDNNITSQNVQKDQLFPSEFDCETYTMMALCSAKC
LMPVFEDHTEAQTWCEGEYHGGCFFQTHDINAVPVIDCKADFVHPDVACPQYPMNYGTHQNIQMGCHCIHDHWDCTWMWWEQVVSELCICWTLNLSYIVLCPFHFFGRLDPNCMISDMIDFSKYMDRPGAFTNAGHWDHPKQMDEENGSPAYWDEDTVFMWAEIKEETCAVEPNKLSAEAIMMHSQHITKQLMLSICFYDCLDGQPLVMFHTHCIERLNMTTQVSVQWTLNDTCDEAGNHIDGDAWCTMIQC,TRGINRLHKMSYKTPKTTPPVDYCFKYYKRAMLLWNKNMSWDHLIEIGACWYPWYPH
VCDEYFNHWTKTGYVSVISAALVLTAAQMMGIMVAGTINMVGVWAMYRVECSRHPALLEPECMTFINLHDHCARLCQGRLYTYETNYRMCDICYRWYNFWWVVVQSPEMFFVDMMGRFFGTFKDHKINAGRFLGNDEMTYEKDIMWKPHFMKCVGQIPDGPDLPEIAEECEEFSWFRIHKCWYVSRSGKWRKMTPWSCHSEDQFMGHGMVPLERSC,ITDYKQMFGKGMMYCRQESTTESPEFGWCTGAKRQRYRHTSFQKFNSMHCCLKLHSPKFAKDLYVVVNDYTYIICTLSSEFTVLIQPRHPKCEGFMHKEPLWKFSEFIKHHQHFVKTIFLEDKQRNASEMDQPGHEKQHCHALTMSNVKPMHGTFDAWACSFYTIYQEYSVLFDNAFGCERHRTPPTPIEPQRDSLRKHDYQYKIRKELQHKLRWKALLQYEPHTQEAWKEPLKSEIQAGVSNSPSNTRHRCYNYSTGQQVMFMFAEVWVLNKRMHLSDQVNVIY
PAIQTQGYVVRWKKVCSVMHPIRVTWKIGPVMWWWEEEQNPMSFDDLCLVAELNGKNDREHFFCWVLNMTCDPMSWNMVVGWHLEAAFSPKPADRCRFACDRINWRLTPGGNKYICAREWKLITHQYGMLTHYGLAMEHTGHQIPMNCPIQYTPNLVTRQVAEKQAASVMHVKYRNTEEGIATVPNGVFRLWKVAVLNWFDSCVLAGSVAHSQDWKRAEECMYEWGMPFQEWVNCHCGNVAEMEYNWRFAKVVIVTVIDYMIRCQCYGTPGGNFEWDEEITCW,KFSLNKTGKTFTTRRMNNRILSNCPKAMRRHDCVAIFCFLYFATQMSCMYGPWMKITDIYVSQCQLKVILVPDCAINVYEINVYIMRCWTFLEISQQKLFMDLRSG
DYIGTVLRNQGADLHDKKWQYCPYQTQSLMVEFPYWWAWKCARVQDWNIKCAWVGWMPKCATHKCRQTHMWQNSDMITIDEQIIIMVKSLNCWYNRHAHNCEIQVHALEYMYCPKHRAEPHYTSFRERKYRPKFTENLEAFHCELTNWHKVESLRISGYESFLHRCFPRTFWQVKLRHQMQVFTAASKQFMGNDCRCMWTVQPLR,AIPQNDVDGDHPNYVRWHYKVANHHHDEIRSFLVIFNHHKCTWSPPCYPSPMQVTFATQYISRIEIMPADDYWRVST
SESAEISWNLPGLAKLGQIVTYTEMEQGCAWHVINHSRETQQCDDITNRAFMFCKRNNSSRPVFDHYVDSGCIWRTKMHMMQETNPRWYTKIRKRPMKIECMRNRMQIYKTPMVYQQHKVWGS,GWQCIYEYSKAQELEGHDQHGAVHWMWCDMQMFTHDDPVNCDFD
ADAHWQYIDTKLKCNPIRFQAPPDRSALRERYLCYYGNLRNKNNPRDHQECSMMQTWCRQWVTEYTNPQKWTLRMCMKNTYQRMYDWIIHRKVEHAVLVNAMWLTKRCTLQNTAHQHKQSRMIMMPNGPKNGDCWAISYDPKIRADPWELHNLQCHNVWPCTKWVGISFVCAYNYFVLLIMDNTCKHAHMKKQHKWWYPLHCKRCWKIIEHYIELDQYDYIIHHYFWPQDYSTRHWNRQTYMRDATTADFGMMIYQCKSSITTWFTWSPMHPCWHAPMLFCWCDGKLFYCADPMSQACVEGRTVDFPDSLDTWAVYIIISRCWCRTPGKVALKVQTKYQ,TIACHSTPLWDGWWHITCAHVRTIMWGDRNCVKISCEIPYQWCYSYDHPQHMAPFTTFSKEVPCMLFHYAWERKNEVKMEVRDDGTYNSFGVYRFERGAHDQFFFQGPSLANEKVIYSAMEG
NQDSPWQEKEEGKVPVEHANDLHKHDSFYDMNSRDSFCESEYYWYQFAGATPNKSVHMYCKNEVHVQGGKWQHIWYLSMQEIMYVISYSRKDFYWEARYLNVFVCGKYWCFNMTRVFCHYRHGAEHDCVTQFYIPYESCECHCKTHQKWPADRHEVYQFHRQGLRPYLVDKKKQKVNLHLMRWRHIMIGKLCWDGFICRGNIQKQVGRMGFRGTHCDVHPEMFVVMDLMKYTKPYSAHCFQNYGFSRIDYGIATHFWIHNYMNWTACQWGIWQKVATQFECHGDK,SPEMMKEATDWQFFIKKNNHNGEAQTGYMQMCLHMMYWAEWVQVESPWQERAMHKLTGGYRSCCQCNMKGLIDWQVGHFCFWWFKQNNQIEFGIHSACVSLRWYGYNKCLQNDHNPVRCHVIVLRTAQGHHANAQIWRWPSQSWNRAYYAVVILQNESAPTQSGPEMKSSPYPMNPVFFFMYQSLGRYISNLHQQHMTEAFL
NPMHKPMQDVYCLLACMNWTYPWHFGASEEYCPSKAKVSK,HRQEHVHSRPSQGTKSCPPAVFSDDNEDETKDGPFRWGHFNFQSVWMVLGDRSWGWHLWQKWFLDLYTDMTFTSCKCMPYPRVFSELEPHESQPRRIVWPLFWCCRRHKCDQITGDNVDKTKKQHEHLRAKTFPGCHNAPTSANCWHPTIDKEQAFMAETSVVWQPELCKSVNEQAVVRFWPHSTISTPRADECTHGPPGKYWPNIEKRFNPRAQKFDMELARKGGMDCRLFDIMTDPMINMIKHMRTWYCSQYTYETNPWNNWKSIMSERLFFCVLDGFRHNAANGQQVKYMFCATTMWAETLRPPHCDVVSIIVFKKNVLCDIMFDNATA
CRWDMLSIVVTLARFMPKWMYLYTMGAFCYVYGMEMDNNAYPHHHSKYNQFHNKGESFHFPKMGVDACEQWTRHKTVTNFDMVSPTPAYAFAKVNVCINDFYTCLPMSGRHMSEHDCNMGCNGGHTNWCHMDHFKYGCDGKVMTNNFCSEWWYASVHPLGPHTVTNMYIFRTKWGFWIPQVHWLFTGMSGMKNGVNFSNDLTKFCVFGGWYSQYWNVKSWGKWIYIPTQNTWGSIRRPCAMQWASRPNPCYKRNKGVQVW,FVYAEMEEIAVISNFDLNAGIHFEKCHWTQPMRQEFVTGPTTGVQAGQMISDCLFEKHQTLIPCTWLMVSSDHCKHSLVSYHLSHIDNKTQIWSGHGCNWDWHQLMTIAFPRAHWVYWDISIRIPMPSNICVTRPKPLNYITVQTIWQPPAHWIEVDDQNVQWMH
INPMREDHCMWNWGQNTWHGAAFRSIWIWQWDWGHGAHYFQTRATSLHIEFDRHSCPVAAASKLNPDIIYHICEDKWFAVRKCGYCYGTDIQVYPIKLNANWGVRYTHASEEHTRLIHYHWCGCFTDDWMGMNYGKDSWYTDFNNQVMDCMPMFFIITQCSVQNYPNYCWGADQCYHYLFDDHYSWATLCWHHVPTSYALYD,KHYGLCYEQEMRDSGTTCRIFFFFFRGAGTPAGYWDGCFVCNSGVTKYEEDTHRNKSYWHGLWWNVEEKNIMIEDETHSIKNNRTLRVVCVWCRQCLIEGEHCPVCKFVYDNERNFYGCFLPWLHECNKCHIFDFWLNEKNEWWSLGHTRRGGGAKYQAGEGRYDKGTCFCKSMFKIPGNPISGTFQHISDVHSAYDHPSQKANSHMPADYVGWCYMDMATPQGQSHFHIKHCRGGWMPYIAVQNEPHGTSNREFSYVMCPPKESSVPNGVSTISLSTPIVAPPKKHVTQVNSCAFFNIVKGPTDNDWQWFAKSSDWY
TVFETLMRRRRVDQMVYNESFQGWWHNALDTVWILKVYNRRWFADVFEMDGVPVQLWKWVGMQTYPENFPSIDSLLRYPIIMLFNLGPTGIDTVNIELRKECITTQAIWGSCQRSVVSQHLMIRQTREARMTEFAIWGTPQMFSTPQLNSNNQLWSNSYMKHLKDEQKQKVDSWAYWCWCGQCVFGMCN,WYTRCRITAMTTPFGWVAHIDPMDMWKSKNVCKCDHPWFKQKSQNQDRNAEASDWSTRRAICFFTTIHKMTKASLQDKYPFYIRARHTYMLMEETKSHNCCEWGFGCHTLAICHEKCLKAIAFVRLSTEDMRFYWFDCAQFIQAMNNIDQPQRPLRTWCLCHQVPHDRIHRQQWGQIFKARCVQATVHFGLTGRWVCHDECGLDICQLTQQWKTDKWQKMQNQWLGGRVEFWEIVQSQEKMGVCNYEKNKH
FPMPKSEAAPYLQAASTPKGYEVTRDMQPGTIFDCAMVFDTWKRPGHHGNWKRGCLLSQWACYDTKHCLCWPHNETRFRWDKYHSTMCDLCAFNCLDCLEQDTQYRLPYFIESTGGCLGKYMVMMTKVHDVTQNNMRSLFGYCHIGCMGWNRPYGTHQLHTQAWRQPLWLTVASWIYQSYIIATEARGLQTEDESDLAMM,CNYDLFMCQAWKDSETDLKLDVSRDIRIHWWQCYMCSAITCCFV
GKVKAPFHLSYSCISADRDMKMWTLERILMYVCHQDSYRIFWWPHDNQMNIAKKFLGDNICRKRWSFHHTCESKIGCPPSCIEEDWTILKLFATFFLRCQSCWAYGDGYDCWVQNRDKIPYPWFVKGWVYFVYNRFWAWEHHWGVDVITTGEWNSERGLNPFEENCIVIGECNIYNFFAGMTYPDHWFRHVNRNFRCVFHMSIVSMFKYKIVKWFVHHMAEYQMIFMVIFCNPYHERMIRHMEFFGDTHGGFHTVLITV,CENTIVERSTNTGACRVSGSGKMGLVQYQEGDVWHHIEWTGFGLWGVSITEMLPEGYWFMYDGEHADGVIAAFLYVYNMCQVWSVMEKWEEKDGFYHGMYQDWIFKFKGQKELTPDVPTWVIWEIPTLGNLFLQANACWFWIWAHRGCCRIWQSKPTAKDWSYSHWGKEYPPYISNTAPNHWFVGHSEFLTNDKMISCFIIPPYCMMTYRHTEKILMNESCYFKILPDFINMIARHDGPRQWVHCVFVCWKWCWPNTRSRLTRTHPQPWGRNPTNLNRHRFIMCQVFSDFGKRNTFWGVCTQYRLW
EDAQKTWSFMHYGAQFDFNWTFEMHINKKEGEHAWCNWWEIQCKQDIQQHEMKESFGYYSYRANMFLVKLQIKQRRPDDGPILPKIEHEKVHCKNERSAASQKFGSHGNGWTCLVKNVNKDPLC,YPWCTCHEGIGHTMVSTAWNRINIPNVVPWMCDMWWFKNNCPDGRVTILPFAVAPHDMVDYKQYRSAFLQWWPAYRQPKCWRWKVYPVRPNKYQNFKRSKCYHRDPKA
LVRFLCKTNMQSSLQYRDSSIEHMSWFMEWMCQHIRKFYGFWIMVVKHQFKKSSTSIRLIGDSDQMCFSRIAILVFQIRFPKFCCNCLILCMWMMASQHQFPRDYELIGWIEITDPGNFPMMYELPALCYKQFIFFFPHIMVCSDYICLSFHFGTTFCNRMRDWKVSDQHPDWESEEGDDIYWMTKRMNHKREDVCFCYYYWCEEWKWCNPLLAETIMHDPNYMTVPNYRFRSPPDLESNSTDSDDCGVEGTCLARCVCRLLYEYRVASGFMHFDDYQMIIAAHLAFEGRTHINEHHNGPSTHMQAFY,WTSFAGSERGTAQAQRYAVDMRKMDKESYVDLWPVGILLCCYPPLCLKCNIYAVFTDTMVGWDATICWCDNTLGSYQSIKMTMNDLKASTVCKRQVASACESYYPKIPKFGHIDLWCKQEASPDNEPRPDVYWVANHCMGGCEIESDIICWDLHFMCKWFSCFLIVNWHQRAEW
YDDCPPPMGYVGNPQAICWVYRHAQQWYLSMFMRMAMATECEFQPYMMNNEISTPWLQGQSNCTPIMELDTKLWFFKETKECLAKFIGKKVFEDSTQKQFFIFCCFHAAQISKAQNGVTSNWQQRFKMAQNFCFGIYSRGVFIAREYWKDNIVNMWMRSVYPQAFLEFPVECPQKPNICVSLMNERTESLVRHNMHNMHGKQTRVSYNPRNCSWSCFHFIMIFELYPSGNHHSQPTYTLITYPYSVS,PVQNNDHNFVRKQHLCVTARSWISEIYEHFGHMFVEETAWNCFITHTNMGHLICFRTFWSEKPVFPQANLHTDCIVTSGIIYGGQWQIDLTSKSLCLCSINGQAITSNMHVGPPRIVFCHVDPFNAYLKLWMEPDRAPEMIMWMCKVGNDLEIKAGSVLIPWKYGPHLPAWYDTRICVTDPNSKTEEHQGIMIHMGETAAWQQPRNMDVCGSKRIL
PDGESNVICKGSAPDVMDNFCGIRITQVIPDHFFWIHLEDVGSWNSESEMQDWNQPNFEAPTISKQWTWGGSQFHGLTYHTNYFCRMCEHVWEQWCSACSLPYLQCCGVQNDCVYEAAAQTYEFQVAKHTYKKDYPEDDNYQECWFNYQGGRWNSDSIWYRAACWELFY,VPWDTDGNHHGPLRTMQYDTYTALGTIGKNIEQHQGFPDNPRTLHSLLWDAIYIWYHACEYLMVIGAVANKIFEEYDPNAIREDCFFQNWFCDQWLFRMGVRNIPHCGMCRIPVCKLKVQQHDPGYWQVQGMFSHILQDLDEYLKSDGLECKCQIYTMMQPIDWCY
HCRIRVQAAHKTRYFSRPIYDYWIPLDEDMIHIVWLIPDQVSLNV,KIWNYATGEPYAMYRRAMDYQPMNMPKMARWLCMNWAFVPYIPIAEEDPQHKKDPPGKVQDDPQYLDNVKFRLSHEQLETNHHMGWNQGLSKSHACAHMHRAWNDEMYTKMGKCYGKEVWADFHKYTNKLPGGDTSGCFKAFPTTRRQTMCPKYTRWTWLRGKAHDPPVIQWVCISYFLIYDGAQNMECVLTNQQINIGQGVPQEMEQSWCWITDTDGIMRKWWFTWHLQQENFDWASLGRKSHQSCVWFCPYDKTSHPEFVYHCMCDNEDVEHKTARRNRRS
FAWEFGFFNITEHPSGTMRNDPMYLLSKHIGTSGRVCVVSREMHANKYEQAQWPLWWLVKSISSNVCNNHSHIPLQTHSKQQVWLENQVTKDNNCNVPRCKMIILAIAGEYSRCTHPDWIKTHKREQIICVIVRAMIDWIMKWLQHCAKSWLYDPMWMYVDPPCSWISPNKEDIRMSTDTWKAWFEPFPLVYW,CDVLRLFWYAMDQKLMVLGPCRRLHSYPDEDGEVYCPTSFWPWMLYHTPTAHMWPPHQNNYVRDHPNSYIWKMTDEKYYSVLSEFTWSRFGHFSLVHKPFRLMQCIDQLTVIVLMFPTYVEKVCDNHEDRWNQWAWTQRMNNMKDYIIERWGYTPYWNYDYQHHNWKWVQQERALDFHRQTDYMFPNTMACSVFYRQHCDRVKLHFRPEVFYMCQRMMIVFRYHDLQEEKEHPMFYLMSIYTHFCDMDQMRIIRPLQYQMYYLGGWGNSHKRLQSLNKLFNRRQICPH
QPDLMYFVTVDLCEQNKPGMYKQYRKTMGVKWRELTQGIQIHNKFMDNMNEIIYQWCAQQKKIILPGRKHSRPEEQAGGIWVWIKQSRYCIMFLCWTANSSIGDQTVFGLGVQFHKLRPPKFLIVHGPDKCYMLMADAWVSHTPALAKFQGNHAAPVCCVMQWKPGQTFPEDLRPQWIFEHPYQSEMPTYAGYQHLPPSWVDHQQYFDQLLWSQNKRTDAYYNSWYADPPCGPMATENWAH,ISGSTAHFAWAHEWVVRYHNLKDRESEFAEIEMVDTPFVPRMIKIGDAYFQKHIVRQ
LWHATHEEQMRALGCLPRRLWMWNQHWQRDVWGSFTITVAYKFTKWNCCLAKNEHYQAWYKYNSIMFSLYMNNSRKHDHLRYCGPFNPSAIPPCWIVQQCPMYCQWFDPAALRFWTWFKKQQSADWEHASMTCISCGDDESWIDQSMNYYCGPYEPVPWYNEDWPTT,DCDEWAYDPIIKSWMNSNIVRVKRWNKDNTCHLLRIAYAQIQVSHHKKENHQKCRCMTTRCMHCNPISKREIVFCFLMKWVLMENNFGWNPEPPVHTASCINCMGMSNRTVYHARHCSVQNTLYPSKVHQCVATNTCRWAYFKNSYWEMWEQNQFWQEGKVRSESYYSMDHGCYSPLAPVASQACHCRGASKHWCAASIVMKTWPVAVLIYCFMQMNHRLCYWNILHIRNHYKRLMHIQRCNTCTITGTSWCYVLSGCQPLACK
DQKTIDEEKSKSMGHLGKGWSHIVRYEANPCTTFTKIMCCSDRNFPDVSMQDLMPNPWRTWIQWQVMSDCLVERVHWPENTPTQPNTMPMRSSCACMADTFLMYFENPLYHDRMVMKQDTDDIPNLYPVNRREIPSFQSTILSWPECNERCEEKWNQQPFHECHWIISWDQKDMYTHNCLRKSHMSIEAFNTSSIEMCKTHANMWGTTNR,AWETRRCKCKCKMDAFWPYKEMICKTAQMWMQHRINVFERFSMSEPYTRCEWVKVNCCEFIPHDFLVHFRPMQQCNAQLAESDNMWKRMLIGVYKCICNRRWTNKIHEGHHLGVLNADWQIQVEFPIKDFCKTYNMKRHDDMWPELVYAQLCLVEFLETGCTTFTWGSYIWKRRRHQHAGYGPTGYFARHDWHGALIIIHRHDPRMICECAQERYYSKKILPQTCFEKMIHTPNSEDHDSPKKQPFSMCKIGWEHEGKRFPFIKLTH
CWMRQSPISSQWHQYRFQRMRMGTIPVIGRSCDKCTSCYHIKNCMMPPQMLHCNPPDDSGRIFSRTVMTQKWCRAQEFTAREDPHEASRMDRSGDTKDEFWGCMAYTDYIVCRISFQCFNIHHGCVFRGSSVDYRWDPHTSYHGYADIYWPDPIRYTTGNSRENAYYLLQSIPAVKSVQKAPMSSRCCVHTNDERAHACGINYWLDLMREDYCEDDFDHFALCPSHWDNWRFCWGQKENSQHPMCDAVWPLWVEHYYGLCMAVQ,FIWWWGTVITWKEKPIYSQEQEVRYFIWEDKPFPWWCQERPFTDAMQYHSSVPRMLLPEMCIGLHFQAWDHHVMPRNNELIQDGCAYLRKQFKFSRKPQVTMFR
DASKWEKLIFNMCRLATSFPLFNNHIPSRDHHSGCFDPVSRQRFKAMWPMYRRRLLQILFMRIDVNIDIAYYFRRRLTDYKFLFVCHRSKVLSGTRYAHTKQVVYVFFTYAIKQKSIYHCIDTKLVDTWT,DKVRYQFNHVVEKVCVKDKEGFWVRCQDDNTIVTIIQLPMRIAKPTSNQKFGFSDWGNAITTILWGFLSGCHGAMQSNMEWFGFQHNPFYSTTRILPPWNDAFLSECVRCHEDMWEVMGNTGKSAGVLKDPLPNKTGIWKPEVLQVSSKYSSIWQFDVWMYEPWFPKWDYFSCRLYMNISFCFWQNSMMNRDVVARTLVIGTESCKLAWIDFCVDHKHMIHKNDTYPWRSMHKRESGLRFQC
TPRKMCFEVHCKCKIFMSQWFGFVEDAQASQIYCFKQTDDFACMNVKNQRNATKSWVEPTEYKGCLTIMGKYSWNTWSCSHHCSLCWARRIQPTYWPCWHVHTNKVYVGQCQQSPKAKMDRV,VTSNNMIKPCDAKEGDWKDDFNAFFNVLVEFQRARRMSLMFVWTAWMYTRIRSPGLKCIFDTAHPQKPTNAKYIWYPQCRVLFQNNTNGMYAVTGKVVDSWHTGLQEPWYEMYVHMSERDFKWDKVMGKSWTRCLYNHVDKLSMADHCPEQQHCLLNEKMIQYHNQATRKQLDVQYCIWSWADWKMEQDVHIHDVPRDKYCFNDKRYIIFEPAFMAWYKRKVWFAHCAHDFAYCEILYILQADCTFPTIDKESFHWWLGFRIVVFKGVKYVWTFHGYIPYELRVPKNLILCWQGYTESSSWCIPHAPAVWI
WTNVAFLKWSQYQFRKLKYQMPHLYSDTECKIDGMMNRIFIQWDFYWEIIYYHGISEQTGVLTSMMNSIAWNAQYYVDPIQSFGQPLEFIPDVIRWKKCVAPICFCII,YIGAMGGFIMFQNGEHSIFTWLKETAYLEDAYFDHITHMSESVGTIQHKHCGNLDNIGAAVIEWYMGRGGSCKRQVSTGSWHARMSKWVYMRF
VFDNVKIILYAGHVYFLRCKMYFWPYKITHFMEYMYQHEENGTWGEVCPPKIGPKKNNNVVTKVSKDFHIVNLHYPEAHYCLCRLYGSKLPTLELSGDMRHFWYKVNSYKIDGYGSACWYWPKIQSYHNCDQRDHNKIWAQCWWYEFIWICWTARQMWAPYIDYDHKTFYRWKPWHEHCHSVNQWWFMRQDWLMTPVRVRLLKQPQAAKWKWGEWLLFAQFRRHMQEEWLPQMQPYECVNFGEKKYFNPRQACNQQYGCSNNYSLDISTWLRAVTAPDPILVTANIQKVSWVCVRACEIPTIDHFMNFGHDLEWPMRSDCQPMFRLPMSMAGLWDIPIWP,ICNITTFYHGRCQVCMTCRIMSSNKINDSVRKTIHCNVLGGVYEWGDAGQLYMIREEMARCMMWQGRQGKWFVHFRVDHYKLGSKWEPNLTQCVTIDIWGMCYYLNRKTCHQIMQMDGLVHNPCFDLCELDPHLDSHIAYPWQDFVIIEGQDEEEIDSIYKFTPPQSEVQHQHQDTTITHA
YTWVDNIHQAAWRMMPGHHGAFMDCILFAYEAAFYHKKNFSVIDIVHGAKAAGAPANNWRCKCPADNTYMSFWGQICMCEPGIMMVCYSNILVYVKVVDASSWMMPKQYNFPRAEYLREDSYSWQQLPRNMRHDFMEFHVQPVDDNQIWYIFRILIFNGMRWTFTMDTQKPRPCYADISNSRVDYLLENIRRVLHWRNHKAFNCIILTAECWEIAPVCINSPYKEMESNWMTTLLAPCRNCQCARLDGHGQSPDIPDDKTDKLFHNYRCTMVLQMHGERQHIFHAMDCKGPVFLDCKYIHEIPIICDTAETHRKRIFIQMIRDDQIDNPDEDPLHENTVILCRDPQE,KTRFCVKLMGQEEHPVDGVPTNGIWSNAMAVRMTHTSTMSRTLDILCDKWFCFIPRRTWACIPNQRHGGLTPVWWKIMRPFCKQWNHKKQMRKAVSRRLKNTGAQWGTIISKWCSWLAMATRGPPNLENLPKRKHYGKWMQQ
MLEKLNAHWCLSYAHFLIPLAYLVTYKCCTVAQDLVCGGIIGMCQN,IALQIMGHDERHACYNPRDWVRDIYELMPMEWFMARQHQPIYYKSYVTSDLVFGTGHGGLFRRPFYCICGINCVKRSLIKPYRSPAAAVIHHNTSRVLNYLIAQYQGWIFYPFVHALCEYPWFTVSPSLCICACMNKFCCNNFLAVHHNSFPTWYVLQHVKWFMWITKLCHNHGPRQPDTGFYWNDGEDQQNAPNCAYCSETGLVAKAGRGQGLSKHPFPNYHNMESHGAWWRESSQGPMAISYVKNSKPRSNWFVKASKVELGIHDGTSSVSTDSDHWTDTTVTCPWKPHVNLLNETQQLYGQVWDNEQMHKHFTNRGIAHIILNKVSGCAMVYYSHQ
VQHKCTAQYWQTAGKKRCPHKYPIPKTRLHPWHSRSIHTRRGCTPQNQAVWRHKFLFRLGWEQQPTIRTTVPGYAPLNVAWLNIFVSNFHRIPYIVYNNCEIEAKL,CANWRSTKDTGNGWNIRENTQKAISKGFPWDMSDVGLPSLVSMSNKFPMLSWEVPITGICPHLWTIHVNEEMNNDQARQKGGTKRKYFRHADVESWMPRQNFITTYHDQDYMTIIRVGGCMAVTHRIRGPPSTGCFGVGPRHMRFHAWPVWIRASGQQRTCRQYPMICSWGNNCGSMLYKCPRKYAPKNMFDVRIYPERDWIEKYARYVHSHLVTLQVGEYIFQMDNRHNLWHPCAHCKYRNQWFKHT
RRQFVYWSFMCSRGPRPNWQQVYTCLLIVNRECQPFTLGCPSGGFPCQDEDCWRGGMNPCVELQTWAMFGEYIARKREAHKNNFMDRPFACGLRKNAHMEVSGPGMGKFSFLAGTPGITFIDNWREQENVAWAQLNENADGTAWNWLRSFDPCNWVVGQFEIKGWNLPWPQSQTGIQDAPWEQTHMFQFGRHCIFVTVNIQKNRPTIWMHDACRAELIVGYFPSEQWDFPWDHPMCFTHCRNLEMVKHKRNESCCLRVNYKRHMLIQSQYKQGFDINVWGLLRPTVMNEGFDHWDYSMRCVGHRAQQISPSKEPCNRDNWGWGCCYLYEIAYYLWNMTDDHND,HHRFTMTTQHLHTQAFLDRILLIARANLWLIGMRGLTGEHFGLWLGKLHNGVKHQDLYIGFEHPIPRTMAMWTFGISLYADQHVSFVSFFFLAFWPIFSQFPQYSIHCQQYDFGLNKDVPNIIFRYFEIYDFRGHPQDDYTDIGKIQIYEKKTLKFKECPPEFTGTKSVDYITNRAPAWQCGRFDVMDFSPK
HKWAHQCLGGFEEQAEVCILLSNEVGTFHDHPIDAGDHAIFQDLTRGPYGPGSAINWDGYMRCLYTNKLEFQPNVSVSEITCTRMTPTVENAFIGKGISHQVLRHTIQRKKVCTTATPCTEWFMMSQFWIAASKRVTNFTKTSIRTHGPSPKYLHKNTWGFLQGPGADWHSATGCGLDWKKDNDHVESTIPMTNCPPHYIHRWNISEDCAVTEVRYGVELLNLEWILPWDKEELWVPDTQMWFYSYCITPRQIFKLLRTNVSRYHHSRETLWEMQACSFNRPECHNIACWFCMEAKNCQYMYFNLVMERYYTR,MAMWVNGDTFMFLKNKWGVALVLKCPHGCVKFRMDSYELPWVGNKDCPCLSHVQCDNTGVHWQMGWEKTADRQHIASIYPYKIPKHETWVHVSWHLHQASSTYFMHVSLNDPIWWKHNIVTAMEILLAVDTHNAFEDYTPERNWKWWFSIYDAMVYHEMCSSRDSSPAIFYDLWPNLLQILVHQTMAGTYFDEKMGYAFDHYLCTQRKSAMYNIEYHEGRPRKNWPRTDRDWPISWIFHQRRGINRCIVLIQCACSWKYRDMRVPVHTGKAGITRRLGHSPLSKIICPDKEEKFRGIRQPLYFQHEEHFWIWLKVCWKNASVCNCCCRIYFKETTCNFIEGYKGNM
GMLMIIQVKNFLRSHGMKWFHSRNFYGHMPPWHNDTQAWCLDYTGDCSDIQKRWAKGNLPMMKSHTTLFCDPMRKVNEKLPKGQDQREYGSCPPYFQATHSVKELWKKDFASVLCRQWSDWPCTVCKIWIEARWLTHVFPGHSGNKRLMRYMTQNHRPVLRDPMKW,WKIWDIEYMYPCEQNKIMLQTEWFMTSYVLPYQKCIWTAWDLFNMMAESVCRLCEHPHWGQWHKDNFDRIHWIWKKFRLNHPDIMHLVMYHRYKPCEMVCEFLTQIIETAAIEMYFMSEVSMHWMYWGCGHKTNGQTA
YNEFKMEHCNARPLQMRTPPGSTEARRPMCMMNTYEHAGLTQMHRNANHGMGQQYLQNIFCQGIDKYAYDTPHECAHNRAYSKCNYGCYQKLQINTTEADGTCWYHTNLYSYQELMNCRMHFGWTHEWLCTGNRDIHNEIIPTKQFQCIEPMMPYCCAQNVTDAGYITDLWEHIKMYEGKVPLVASFFGAVMSAAQVISVNNTKWDVLYATTEIVNHFTCMRYPFHMVNNEISSWNADAHMMGTFNQTQTRVYGVLDEYSVIWKYMCMCNFDAEKGTIQIHRNFAVIVN,NKLLETHGQWGQTEACAERRHTNIFPMTCPDHRSSIYSWIDRSSLYKCRNWLGIFGCHKWLKRQKGTWCAVDEEMKYACENYYIILYHVRTCPIRLLTKMFAWMLRKVTSDMFIWAPELWWHLVIAVEDDCQEEFDPVACTHMISAWMHMRMRCYGTDNCNCECFDPYLHPQLHLANPEYTYIC
MLAGRSIPNCKGRYNCMRYQNPVIYGKRKYDLSFLYNKPMEGWPNKNQWGCASLTCHKPCWAAPIERMGEKWTRVQATHAWCGRHWDNAATFPICMGFEHGEPENCCFSIHNQNCFFATHKMCFERWFTWEFYMNPQQCHQHTYICNHTYREWNYARTQSPGDQFYIIDAYGCRCQKHYPSNNNLYYGPPAMHEILTLKATFYSQATNSMEVEKNCWYYGCSRWTEYCTTFQQGFPDLAPIDHMSSHFTYFMWYWCPHQFYPNVLSMICFVNQIYHFWFPVVYCTNQLHMIPWRFQPLKVSASSELPGSCHTFMQIWEEWLYRREQKRDVEVQCSLIQDYFMSHFSGMN,MTASDCIWIRVCNIRTTTNRCTRHFQENDRGYWIPQLTFEITYPDVKYPERFHDGHPGQPMMDPGCDEVMHVMPLIQERPQWPPEAATGYF
